Year,State,District,In-migrants
1972 - 1976,Andaman And Nicobar Islands,Andamans,13692
1972 - 1976,Andaman And Nicobar Islands,Nicobar,1273
1972 - 1976,Andhra Pradesh,Anantapur,94610
1972 - 1976,Andhra Pradesh,Chittoor,92295
1972 - 1976,Andhra Pradesh,East Godavari,164240
1972 - 1976,Andhra Pradesh,Guntur,129068
1972 - 1976,Andhra Pradesh,Kadapa,65472
1972 - 1976,Andhra Pradesh,Krishna,130104
1972 - 1976,Andhra Pradesh,Kurnool,83182
1972 - 1976,Andhra Pradesh,Nellore,77552
1972 - 1976,Andhra Pradesh,Prakasam,68955
1972 - 1976,Andhra Pradesh,Srikakulam,59316
1972 - 1976,Andhra Pradesh,Visakhapatnam,113779
1972 - 1976,Andhra Pradesh,Vizianagaram,55850
1972 - 1976,Andhra Pradesh,West Godavari,134972
1972 - 1976,Arunachal Pradesh,Changlang,4485
1972 - 1976,Arunachal Pradesh,Dibang Valley,2337
1972 - 1976,Arunachal Pradesh,East Kameng,1199
1972 - 1976,Arunachal Pradesh,East Siang,1916
1972 - 1976,Arunachal Pradesh,Lohit,5247
1972 - 1976,Arunachal Pradesh,Lower Subansiri,5918
1972 - 1976,Arunachal Pradesh,Tawang,932
1972 - 1976,Arunachal Pradesh,Tirap,2414
1972 - 1976,Arunachal Pradesh,Upper Subansiri,996
1972 - 1976,Arunachal Pradesh,West Kameng,2670
1972 - 1976,Arunachal Pradesh,West Siang,2977
1972 - 1976,Chandigarh,Chandigarh,48877
1972 - 1976,Dadra And Nagar Haveli,Dadra And Nagar Haveli,3964
1972 - 1976,Daman And Diu,Daman,1703
1972 - 1976,Daman And Diu,Diu,833
1972 - 1976,Goa,North Goa,31868
1972 - 1976,Goa,South Goa,28785
1972 - 1976,Haryana,Ambala,38199
1972 - 1976,Haryana,Bhiwani,34050
1972 - 1976,Haryana,Faridabad,69328
1972 - 1976,Haryana,Gurgaon,37675
1972 - 1976,Haryana,Hisar,66125
1972 - 1976,Haryana,Jind,29179
1972 - 1976,Haryana,Kaithal,26631
1972 - 1976,Haryana,Karnal,27029
1972 - 1976,Haryana,Kurukshetra,22939
1972 - 1976,Haryana,Mahendragarh,20507
1972 - 1976,Haryana,Panipat,31568
1972 - 1976,Haryana,Rewari,19018
1972 - 1976,Haryana,Rohtak,59381
1972 - 1976,Haryana,Sirsa,34794
1972 - 1976,Haryana,Sonipat,23878
1972 - 1976,Haryana,Yamunanagar,27501
1972 - 1976,Himachal Pradesh,Bilaspur,10841
1972 - 1976,Himachal Pradesh,Chamba,11627
1972 - 1976,Himachal Pradesh,Hamirpur,13798
1972 - 1976,Himachal Pradesh,Kangra,49211
1972 - 1976,Himachal Pradesh,Kinnaur,2555
1972 - 1976,Himachal Pradesh,Kullu,7646
1972 - 1976,Himachal Pradesh,Lahaul And Spiti,771
1972 - 1976,Himachal Pradesh,Mandi,25968
1972 - 1976,Himachal Pradesh,Shimla,21690
1972 - 1976,Himachal Pradesh,Sirmaur,13476
1972 - 1976,Himachal Pradesh,Solan,15711
1972 - 1976,Himachal Pradesh,Una,14805
1972 - 1976,Madhya Pradesh,Balaghat,44841
1972 - 1976,Madhya Pradesh,Betul,36026
1972 - 1976,Madhya Pradesh,Bhind,40185
1972 - 1976,Madhya Pradesh,Bhopal,62328
1972 - 1976,Madhya Pradesh,Chhatarpur,33883
1972 - 1976,Madhya Pradesh,Chhindwara,47814
1972 - 1976,Madhya Pradesh,Damoh,30423
1972 - 1976,Madhya Pradesh,Datia,10621
1972 - 1976,Madhya Pradesh,Dewas,38116
1972 - 1976,Madhya Pradesh,Dhar,45258
1972 - 1976,Madhya Pradesh,Guna,40661
1972 - 1976,Madhya Pradesh,Gwalior,36918
1972 - 1976,Madhya Pradesh,Hoshangabad,44001
1972 - 1976,Madhya Pradesh,Indore,53836
1972 - 1976,Madhya Pradesh,Jabalpur,88721
1972 - 1976,Madhya Pradesh,Jhabua,30904
1972 - 1976,Madhya Pradesh,Khandwa,48649
1972 - 1976,Madhya Pradesh,Khargone,58688
1972 - 1976,Madhya Pradesh,Mandla,34907
1972 - 1976,Madhya Pradesh,Mandsaur,49722
1972 - 1976,Madhya Pradesh,Morena,56547
1972 - 1976,Madhya Pradesh,Narsinghpur,22104
1972 - 1976,Madhya Pradesh,Panna,21035
1972 - 1976,Madhya Pradesh,Raisen,31991
1972 - 1976,Madhya Pradesh,Rajgarh,30103
1972 - 1976,Madhya Pradesh,Ratlam,32809
1972 - 1976,Madhya Pradesh,Rewa,44470
1972 - 1976,Madhya Pradesh,Sagar,54715
1972 - 1976,Madhya Pradesh,Satna,46828
1972 - 1976,Madhya Pradesh,Sehore,24237
1972 - 1976,Madhya Pradesh,Seoni,34668
1972 - 1976,Madhya Pradesh,Shahdol,63509
1972 - 1976,Madhya Pradesh,Shajapur,32074
1972 - 1976,Madhya Pradesh,Shivpuri,32339
1972 - 1976,Madhya Pradesh,Sidhi,47611
1972 - 1976,Madhya Pradesh,Tikamgarh,27421
1972 - 1976,Madhya Pradesh,Ujjain,48972
1972 - 1976,Madhya Pradesh,Vidisha,35001
1972 - 1976,Manipur,Bishnupur,1466
1972 - 1976,Manipur,Chandel,1500
1972 - 1976,Manipur,Churachandpur,1699
1972 - 1976,Manipur,Imphal West,4382
1972 - 1976,Manipur,Senapati,1114
1972 - 1976,Manipur,Tamenglong,351
1972 - 1976,Manipur,Thoubal,838
1972 - 1976,Manipur,Ukhrul,345
1972 - 1976,Meghalaya,East Garo Hills,2120
1972 - 1976,Meghalaya,East Khasi Hills,10169
1972 - 1976,Meghalaya,West Garo Hills,8468
1972 - 1976,Meghalaya,West Jaintia Hills,3510
1972 - 1976,Meghalaya,West Khasi Hills,2083
1972 - 1976,Mizoram,Aizawl,7401
1972 - 1976,Mizoram,Lawngtlai,2164
1972 - 1976,Mizoram,Lunglei,7316
1972 - 1976,Nagaland,Kohima,10466
1972 - 1976,Nagaland,Mokokchung,1442
1972 - 1976,Nagaland,Mon,648
1972 - 1976,Nagaland,Phek,465
1972 - 1976,Nagaland,Tuensang,1178
1972 - 1976,Nagaland,Wokha,933
1972 - 1976,Nagaland,Zunheboto,395
1972 - 1976,Puducherry,Karaikal,5562
1972 - 1976,Puducherry,Mahe,1154
1972 - 1976,Puducherry,Puducherry,20184
1972 - 1976,Puducherry,Yanam,922
1972 - 1976,Uttar Pradesh,Agra,61037
1972 - 1976,Uttar Pradesh,Aligarh,64612
1972 - 1976,Uttar Pradesh,Allahabad,115103
1972 - 1976,Uttar Pradesh,Badaun,54310
1972 - 1976,Uttar Pradesh,Banda,47724
1972 - 1976,Uttar Pradesh,Barabanki,42698
1972 - 1976,Uttar Pradesh,Bareilly,68880
1972 - 1976,Uttar Pradesh,Bijnor,60152
1972 - 1976,Uttar Pradesh,Bulandshahr,36684
1972 - 1976,Uttar Pradesh,Etah,58658
1972 - 1976,Uttar Pradesh,Etawah,39605
1972 - 1976,Uttar Pradesh,Faizabad,66008
1972 - 1976,Uttar Pradesh,Farrukhabad,44539
1972 - 1976,Uttar Pradesh,Fatehpur,56199
1972 - 1976,Uttar Pradesh,Firozabad,44232
1972 - 1976,Uttar Pradesh,Ghaziabad,46102
1972 - 1976,Uttar Pradesh,Hamirpur,31019
1972 - 1976,Uttar Pradesh,Hardoi,71231
1972 - 1976,Uttar Pradesh,Jalaun,27690
1972 - 1976,Uttar Pradesh,Jhansi,41880
1972 - 1976,Uttar Pradesh,Kanpur Rural,44909
1972 - 1976,Uttar Pradesh,Kanpur Urban,46289
1972 - 1976,Uttar Pradesh,Kheri,40060
1972 - 1976,Uttar Pradesh,Lalitpur,16876
1972 - 1976,Uttar Pradesh,Lucknow,71801
1972 - 1976,Uttar Pradesh,Mainpuri,33783
1972 - 1976,Uttar Pradesh,Mathura,49053
1972 - 1976,Uttar Pradesh,Mau,31736
1972 - 1976,Uttar Pradesh,Meerut,58883
1972 - 1976,Uttar Pradesh,Moradabad,60991
1972 - 1976,Uttar Pradesh,Muzaffarnagar,74139
1972 - 1976,Uttar Pradesh,Pilibhit,30893
1972 - 1976,Uttar Pradesh,Pratapgarh,59356
1972 - 1976,Uttar Pradesh,Rae Bareli,56524
1972 - 1976,Uttar Pradesh,Rampur,29520
1972 - 1976,Uttar Pradesh,Saharanpur,53804
1972 - 1976,Uttar Pradesh,Shahjahanpur,39632
1972 - 1976,Uttar Pradesh,Sitapur,69289
1972 - 1976,Uttar Pradesh,Sultanpur,62180
1972 - 1976,Uttar Pradesh,Unnao,60656
1972 - 1976,Uttarakhand,Chamoli,11779
1972 - 1976,Uttarakhand,Dehradun,40564
1972 - 1976,Uttarakhand,Haridwar,37272
1972 - 1976,Uttarakhand,Nainital,68997
1972 - 1976,Uttarakhand,Pauri Garhwal,13187
1972 - 1976,Uttarakhand,Uttarkashi,5086
1977 - 1981,Andaman And Nicobar Islands,Andamans,15321
1977 - 1981,Andaman And Nicobar Islands,Nicobar,1556
1977 - 1981,Andhra Pradesh,Anantapur,107593
1977 - 1981,Andhra Pradesh,Chittoor,108662
1977 - 1981,Andhra Pradesh,East Godavari,181680
1977 - 1981,Andhra Pradesh,Guntur,155231
1977 - 1981,Andhra Pradesh,Kadapa,73423
1977 - 1981,Andhra Pradesh,Krishna,157118
1977 - 1981,Andhra Pradesh,Kurnool,98904
1977 - 1981,Andhra Pradesh,Nellore,88358
1977 - 1981,Andhra Pradesh,Prakasam,78682
1977 - 1981,Andhra Pradesh,Srikakulam,73331
1977 - 1981,Andhra Pradesh,Visakhapatnam,142488
1977 - 1981,Andhra Pradesh,Vizianagaram,62801
1977 - 1981,Andhra Pradesh,West Godavari,155044
1977 - 1981,Arunachal Pradesh,Changlang,5155
1977 - 1981,Arunachal Pradesh,Dibang Valley,2779
1977 - 1981,Arunachal Pradesh,East Kameng,788
1977 - 1981,Arunachal Pradesh,East Siang,2435
1977 - 1981,Arunachal Pradesh,Lohit,9387
1977 - 1981,Arunachal Pradesh,Lower Subansiri,7339
1977 - 1981,Arunachal Pradesh,Tawang,1375
1977 - 1981,Arunachal Pradesh,Tirap,2576
1977 - 1981,Arunachal Pradesh,Upper Subansiri,1320
1977 - 1981,Arunachal Pradesh,West Kameng,2953
1977 - 1981,Arunachal Pradesh,West Siang,3306
1977 - 1981,Chandigarh,Chandigarh,60608
1977 - 1981,Dadra And Nagar Haveli,Dadra And Nagar Haveli,5179
1977 - 1981,Daman And Diu,Daman,2182
1977 - 1981,Daman And Diu,Diu,977
1977 - 1981,Goa,North Goa,37971
1977 - 1981,Goa,South Goa,31726
1977 - 1981,Haryana,Ambala,42423
1977 - 1981,Haryana,Bhiwani,41558
1977 - 1981,Haryana,Faridabad,83390
1977 - 1981,Haryana,Gurgaon,41877
1977 - 1981,Haryana,Hisar,76676
1977 - 1981,Haryana,Jind,39103
1977 - 1981,Haryana,Kaithal,29645
1977 - 1981,Haryana,Karnal,36276
1977 - 1981,Haryana,Kurukshetra,26850
1977 - 1981,Haryana,Mahendragarh,25949
1977 - 1981,Haryana,Panipat,35243
1977 - 1981,Haryana,Rewari,23352
1977 - 1981,Haryana,Rohtak,64113
1977 - 1981,Haryana,Sirsa,43851
1977 - 1981,Haryana,Sonipat,31373
1977 - 1981,Haryana,Yamunanagar,35750
1977 - 1981,Himachal Pradesh,Bilaspur,11938
1977 - 1981,Himachal Pradesh,Chamba,12896
1977 - 1981,Himachal Pradesh,Hamirpur,17175
1977 - 1981,Himachal Pradesh,Kangra,60974
1977 - 1981,Himachal Pradesh,Kinnaur,3806
1977 - 1981,Himachal Pradesh,Kullu,9384
1977 - 1981,Himachal Pradesh,Lahaul And Spiti,885
1977 - 1981,Himachal Pradesh,Mandi,28594
1977 - 1981,Himachal Pradesh,Shimla,28108
1977 - 1981,Himachal Pradesh,Sirmaur,15384
1977 - 1981,Himachal Pradesh,Solan,16996
1977 - 1981,Himachal Pradesh,Una,16921
1977 - 1981,Madhya Pradesh,Balaghat,49132
1977 - 1981,Madhya Pradesh,Betul,39323
1977 - 1981,Madhya Pradesh,Bhind,43131
1977 - 1981,Madhya Pradesh,Bhopal,72677
1977 - 1981,Madhya Pradesh,Chhatarpur,37808
1977 - 1981,Madhya Pradesh,Chhindwara,55930
1977 - 1981,Madhya Pradesh,Damoh,36670
1977 - 1981,Madhya Pradesh,Datia,14688
1977 - 1981,Madhya Pradesh,Dewas,49445
1977 - 1981,Madhya Pradesh,Dhar,50278
1977 - 1981,Madhya Pradesh,Guna,46453
1977 - 1981,Madhya Pradesh,Gwalior,49929
1977 - 1981,Madhya Pradesh,Hoshangabad,50100
1977 - 1981,Madhya Pradesh,Indore,72961
1977 - 1981,Madhya Pradesh,Jabalpur,108028
1977 - 1981,Madhya Pradesh,Jhabua,34269
1977 - 1981,Madhya Pradesh,Khandwa,59613
1977 - 1981,Madhya Pradesh,Khargone,74539
1977 - 1981,Madhya Pradesh,Mandla,42002
1977 - 1981,Madhya Pradesh,Mandsaur,64430
1977 - 1981,Madhya Pradesh,Morena,62557
1977 - 1981,Madhya Pradesh,Narsinghpur,31066
1977 - 1981,Madhya Pradesh,Panna,26374
1977 - 1981,Madhya Pradesh,Raisen,35823
1977 - 1981,Madhya Pradesh,Rajgarh,36819
1977 - 1981,Madhya Pradesh,Ratlam,42296
1977 - 1981,Madhya Pradesh,Rewa,53111
1977 - 1981,Madhya Pradesh,Sagar,63383
1977 - 1981,Madhya Pradesh,Satna,52878
1977 - 1981,Madhya Pradesh,Sehore,26970
1977 - 1981,Madhya Pradesh,Seoni,37534
1977 - 1981,Madhya Pradesh,Shahdol,78228
1977 - 1981,Madhya Pradesh,Shajapur,42901
1977 - 1981,Madhya Pradesh,Shivpuri,37719
1977 - 1981,Madhya Pradesh,Sidhi,55878
1977 - 1981,Madhya Pradesh,Tikamgarh,36231
1977 - 1981,Madhya Pradesh,Ujjain,53167
1977 - 1981,Madhya Pradesh,Vidisha,38267
1977 - 1981,Manipur,Bishnupur,1581
1977 - 1981,Manipur,Chandel,1973
1977 - 1981,Manipur,Churachandpur,2321
1977 - 1981,Manipur,Imphal West,6114
1977 - 1981,Manipur,Senapati,1290
1977 - 1981,Manipur,Tamenglong,379
1977 - 1981,Manipur,Thoubal,890
1977 - 1981,Manipur,Ukhrul,351
1977 - 1981,Meghalaya,East Garo Hills,2971
1977 - 1981,Meghalaya,East Khasi Hills,10858
1977 - 1981,Meghalaya,West Garo Hills,11056
1977 - 1981,Meghalaya,West Jaintia Hills,4116
1977 - 1981,Meghalaya,West Khasi Hills,2782
1977 - 1981,Mizoram,Aizawl,9772
1977 - 1981,Mizoram,Lawngtlai,2562
1977 - 1981,Mizoram,Lunglei,8009
1977 - 1981,Nagaland,Kohima,11190
1977 - 1981,Nagaland,Mokokchung,1604
1977 - 1981,Nagaland,Mon,692
1977 - 1981,Nagaland,Phek,605
1977 - 1981,Nagaland,Tuensang,1411
1977 - 1981,Nagaland,Wokha,1183
1977 - 1981,Nagaland,Zunheboto,422
1977 - 1981,Puducherry,Karaikal,6428
1977 - 1981,Puducherry,Mahe,1440
1977 - 1981,Puducherry,Puducherry,23276
1977 - 1981,Puducherry,Yanam,1095
1977 - 1981,Uttar Pradesh,Agra,69494
1977 - 1981,Uttar Pradesh,Aligarh,88748
1977 - 1981,Uttar Pradesh,Allahabad,138337
1977 - 1981,Uttar Pradesh,Badaun,76000
1977 - 1981,Uttar Pradesh,Banda,53253
1977 - 1981,Uttar Pradesh,Barabanki,46972
1977 - 1981,Uttar Pradesh,Bareilly,74967
1977 - 1981,Uttar Pradesh,Bijnor,72158
1977 - 1981,Uttar Pradesh,Bulandshahr,50621
1977 - 1981,Uttar Pradesh,Etah,75966
1977 - 1981,Uttar Pradesh,Etawah,42313
1977 - 1981,Uttar Pradesh,Faizabad,75297
1977 - 1981,Uttar Pradesh,Farrukhabad,61647
1977 - 1981,Uttar Pradesh,Fatehpur,63965
1977 - 1981,Uttar Pradesh,Firozabad,49400
1977 - 1981,Uttar Pradesh,Ghaziabad,53924
1977 - 1981,Uttar Pradesh,Hamirpur,37253
1977 - 1981,Uttar Pradesh,Hardoi,96032
1977 - 1981,Uttar Pradesh,Jalaun,33458
1977 - 1981,Uttar Pradesh,Jhansi,51311
1977 - 1981,Uttar Pradesh,Kanpur Rural,49523
1977 - 1981,Uttar Pradesh,Kanpur Urban,64062
1977 - 1981,Uttar Pradesh,Kheri,52890
1977 - 1981,Uttar Pradesh,Lalitpur,20488
1977 - 1981,Uttar Pradesh,Lucknow,95393
1977 - 1981,Uttar Pradesh,Mainpuri,43795
1977 - 1981,Uttar Pradesh,Mathura,66450
1977 - 1981,Uttar Pradesh,Mau,38042
1977 - 1981,Uttar Pradesh,Meerut,77837
1977 - 1981,Uttar Pradesh,Moradabad,67369
1977 - 1981,Uttar Pradesh,Muzaffarnagar,97105
1977 - 1981,Uttar Pradesh,Pilibhit,43130
1977 - 1981,Uttar Pradesh,Pratapgarh,74803
1977 - 1981,Uttar Pradesh,Rae Bareli,75238
1977 - 1981,Uttar Pradesh,Rampur,34475
1977 - 1981,Uttar Pradesh,Saharanpur,63362
1977 - 1981,Uttar Pradesh,Shahjahanpur,48292
1977 - 1981,Uttar Pradesh,Sitapur,75180
1977 - 1981,Uttar Pradesh,Sultanpur,76057
1977 - 1981,Uttar Pradesh,Unnao,75203
1977 - 1981,Uttarakhand,Chamoli,12804
1977 - 1981,Uttarakhand,Dehradun,52379
1977 - 1981,Uttarakhand,Haridwar,43061
1977 - 1981,Uttarakhand,Nainital,78290
1977 - 1981,Uttarakhand,Pauri Garhwal,15252
1977 - 1981,Uttarakhand,Uttarkashi,6932
1982 - 1986,Andaman And Nicobar Islands,Andamans,14995
1982 - 1986,Andaman And Nicobar Islands,Nicobar,2181
1982 - 1986,Andhra Pradesh,Anantapur,153749
1982 - 1986,Andhra Pradesh,Chittoor,149252
1982 - 1986,Andhra Pradesh,East Godavari,253382
1982 - 1986,Andhra Pradesh,Guntur,204839
1982 - 1986,Andhra Pradesh,Kadapa,106660
1982 - 1986,Andhra Pradesh,Krishna,211623
1982 - 1986,Andhra Pradesh,Kurnool,133150
1982 - 1986,Andhra Pradesh,Nellore,126486
1982 - 1986,Andhra Pradesh,Prakasam,110203
1982 - 1986,Andhra Pradesh,Srikakulam,93641
1982 - 1986,Andhra Pradesh,Visakhapatnam,200366
1982 - 1986,Andhra Pradesh,Vizianagaram,84033
1982 - 1986,Andhra Pradesh,West Godavari,212549
1982 - 1986,Arunachal Pradesh,Changlang,7378
1982 - 1986,Arunachal Pradesh,Dibang Valley,5815
1982 - 1986,Arunachal Pradesh,East Kameng,1364
1982 - 1986,Arunachal Pradesh,East Siang,4795
1982 - 1986,Arunachal Pradesh,Lohit,15373
1982 - 1986,Arunachal Pradesh,Lower Subansiri,13876
1982 - 1986,Arunachal Pradesh,Tawang,1350
1982 - 1986,Arunachal Pradesh,Tirap,4502
1982 - 1986,Arunachal Pradesh,Upper Subansiri,2548
1982 - 1986,Arunachal Pradesh,West Kameng,3863
1982 - 1986,Arunachal Pradesh,West Siang,6303
1982 - 1986,Chandigarh,Chandigarh,81936
1982 - 1986,Dadra And Nagar Haveli,Dadra And Nagar Haveli,7499
1982 - 1986,Daman And Diu,Daman,5027
1982 - 1986,Daman And Diu,Diu,1048
1982 - 1986,Goa,North Goa,50408
1982 - 1986,Goa,South Goa,42613
1982 - 1986,Haryana,Ambala,72558
1982 - 1986,Haryana,Bhiwani,42075
1982 - 1986,Haryana,Faridabad,107891
1982 - 1986,Haryana,Gurgaon,53114
1982 - 1986,Haryana,Hisar,90570
1982 - 1986,Haryana,Jind,42579
1982 - 1986,Haryana,Kaithal,34299
1982 - 1986,Haryana,Karnal,41872
1982 - 1986,Haryana,Kurukshetra,30705
1982 - 1986,Haryana,Mahendragarh,26018
1982 - 1986,Haryana,Panipat,44346
1982 - 1986,Haryana,Rewari,25393
1982 - 1986,Haryana,Rohtak,73144
1982 - 1986,Haryana,Sirsa,50501
1982 - 1986,Haryana,Sonipat,38070
1982 - 1986,Haryana,Yamunanagar,39032
1982 - 1986,Himachal Pradesh,Bilaspur,14317
1982 - 1986,Himachal Pradesh,Chamba,19651
1982 - 1986,Himachal Pradesh,Hamirpur,20565
1982 - 1986,Himachal Pradesh,Kangra,61317
1982 - 1986,Himachal Pradesh,Kinnaur,3788
1982 - 1986,Himachal Pradesh,Kullu,12148
1982 - 1986,Himachal Pradesh,Lahaul And Spiti,1523
1982 - 1986,Himachal Pradesh,Mandi,35454
1982 - 1986,Himachal Pradesh,Shimla,39135
1982 - 1986,Himachal Pradesh,Sirmaur,19933
1982 - 1986,Himachal Pradesh,Solan,26401
1982 - 1986,Himachal Pradesh,Una,20761
1982 - 1986,Madhya Pradesh,Balaghat,59302
1982 - 1986,Madhya Pradesh,Betul,48850
1982 - 1986,Madhya Pradesh,Bhind,53240
1982 - 1986,Madhya Pradesh,Bhopal,93023
1982 - 1986,Madhya Pradesh,Chhatarpur,41158
1982 - 1986,Madhya Pradesh,Chhindwara,72714
1982 - 1986,Madhya Pradesh,Damoh,47266
1982 - 1986,Madhya Pradesh,Datia,16909
1982 - 1986,Madhya Pradesh,Dewas,61815
1982 - 1986,Madhya Pradesh,Dhar,67749
1982 - 1986,Madhya Pradesh,Guna,57882
1982 - 1986,Madhya Pradesh,Gwalior,60173
1982 - 1986,Madhya Pradesh,Hoshangabad,72580
1982 - 1986,Madhya Pradesh,Indore,95750
1982 - 1986,Madhya Pradesh,Jabalpur,129429
1982 - 1986,Madhya Pradesh,Jhabua,44592
1982 - 1986,Madhya Pradesh,Khandwa,78934
1982 - 1986,Madhya Pradesh,Khargone,100017
1982 - 1986,Madhya Pradesh,Mandla,54993
1982 - 1986,Madhya Pradesh,Mandsaur,75370
1982 - 1986,Madhya Pradesh,Morena,76360
1982 - 1986,Madhya Pradesh,Narsinghpur,38004
1982 - 1986,Madhya Pradesh,Panna,30366
1982 - 1986,Madhya Pradesh,Raisen,46413
1982 - 1986,Madhya Pradesh,Rajgarh,38744
1982 - 1986,Madhya Pradesh,Ratlam,47921
1982 - 1986,Madhya Pradesh,Rewa,57485
1982 - 1986,Madhya Pradesh,Sagar,82132
1982 - 1986,Madhya Pradesh,Satna,59810
1982 - 1986,Madhya Pradesh,Sehore,37343
1982 - 1986,Madhya Pradesh,Seoni,50859
1982 - 1986,Madhya Pradesh,Shahdol,90445
1982 - 1986,Madhya Pradesh,Shajapur,47822
1982 - 1986,Madhya Pradesh,Shivpuri,38169
1982 - 1986,Madhya Pradesh,Sidhi,72424
1982 - 1986,Madhya Pradesh,Tikamgarh,36097
1982 - 1986,Madhya Pradesh,Ujjain,70251
1982 - 1986,Madhya Pradesh,Vidisha,48695
1982 - 1986,Manipur,Bishnupur,1567
1982 - 1986,Manipur,Chandel,2464
1982 - 1986,Manipur,Churachandpur,3085
1982 - 1986,Manipur,Imphal West,6568
1982 - 1986,Manipur,Senapati,1649
1982 - 1986,Manipur,Tamenglong,671
1982 - 1986,Manipur,Thoubal,1000
1982 - 1986,Manipur,Ukhrul,437
1982 - 1986,Meghalaya,East Garo Hills,3640
1982 - 1986,Meghalaya,East Khasi Hills,16443
1982 - 1986,Meghalaya,West Garo Hills,12199
1982 - 1986,Meghalaya,West Jaintia Hills,4860
1982 - 1986,Meghalaya,West Khasi Hills,3536
1982 - 1986,Mizoram,Aizawl,13893
1982 - 1986,Mizoram,Lawngtlai,2848
1982 - 1986,Mizoram,Lunglei,8729
1982 - 1986,Nagaland,Kohima,16945
1982 - 1986,Nagaland,Mokokchung,2419
1982 - 1986,Nagaland,Mon,1676
1982 - 1986,Nagaland,Phek,1203
1982 - 1986,Nagaland,Tuensang,2965
1982 - 1986,Nagaland,Wokha,1636
1982 - 1986,Nagaland,Zunheboto,764
1982 - 1986,Puducherry,Karaikal,8184
1982 - 1986,Puducherry,Mahe,1980
1982 - 1986,Puducherry,Puducherry,34132
1982 - 1986,Puducherry,Yanam,2282
1982 - 1986,Uttar Pradesh,Agra,74299
1982 - 1986,Uttar Pradesh,Aligarh,87779
1982 - 1986,Uttar Pradesh,Allahabad,136532
1982 - 1986,Uttar Pradesh,Badaun,69052
1982 - 1986,Uttar Pradesh,Banda,57514
1982 - 1986,Uttar Pradesh,Barabanki,41080
1982 - 1986,Uttar Pradesh,Bareilly,85000
1982 - 1986,Uttar Pradesh,Bijnor,79639
1982 - 1986,Uttar Pradesh,Bulandshahr,51030
1982 - 1986,Uttar Pradesh,Etah,75933
1982 - 1986,Uttar Pradesh,Etawah,42355
1982 - 1986,Uttar Pradesh,Faizabad,73985
1982 - 1986,Uttar Pradesh,Farrukhabad,55424
1982 - 1986,Uttar Pradesh,Fatehpur,65025
1982 - 1986,Uttar Pradesh,Firozabad,53924
1982 - 1986,Uttar Pradesh,Ghaziabad,77220
1982 - 1986,Uttar Pradesh,Hamirpur,39736
1982 - 1986,Uttar Pradesh,Hardoi,90415
1982 - 1986,Uttar Pradesh,Jalaun,32750
1982 - 1986,Uttar Pradesh,Jhansi,57139
1982 - 1986,Uttar Pradesh,Kanpur Rural,50858
1982 - 1986,Uttar Pradesh,Kanpur Urban,69715
1982 - 1986,Uttar Pradesh,Kheri,45163
1982 - 1986,Uttar Pradesh,Lalitpur,23740
1982 - 1986,Uttar Pradesh,Lucknow,115224
1982 - 1986,Uttar Pradesh,Mainpuri,42533
1982 - 1986,Uttar Pradesh,Mathura,72722
1982 - 1986,Uttar Pradesh,Mau,36930
1982 - 1986,Uttar Pradesh,Meerut,78552
1982 - 1986,Uttar Pradesh,Moradabad,72706
1982 - 1986,Uttar Pradesh,Muzaffarnagar,102631
1982 - 1986,Uttar Pradesh,Pilibhit,40380
1982 - 1986,Uttar Pradesh,Pratapgarh,66209
1982 - 1986,Uttar Pradesh,Rae Bareli,74455
1982 - 1986,Uttar Pradesh,Rampur,36852
1982 - 1986,Uttar Pradesh,Saharanpur,73116
1982 - 1986,Uttar Pradesh,Shahjahanpur,49868
1982 - 1986,Uttar Pradesh,Sitapur,76814
1982 - 1986,Uttar Pradesh,Sultanpur,69408
1982 - 1986,Uttar Pradesh,Unnao,79143
1982 - 1986,Uttarakhand,Chamoli,15494
1982 - 1986,Uttarakhand,Dehradun,70733
1982 - 1986,Uttarakhand,Haridwar,49815
1982 - 1986,Uttarakhand,Nainital,94592
1982 - 1986,Uttarakhand,Pauri Garhwal,20979
1982 - 1986,Uttarakhand,Uttarkashi,8110
1987 - 1991,Andaman And Nicobar Islands,Andamans,23784
1987 - 1991,Andaman And Nicobar Islands,Nicobar,2973
1987 - 1991,Andhra Pradesh,Anantapur,187545
1987 - 1991,Andhra Pradesh,Chittoor,196325
1987 - 1991,Andhra Pradesh,East Godavari,317140
1987 - 1991,Andhra Pradesh,Guntur,256360
1987 - 1991,Andhra Pradesh,Kadapa,143780
1987 - 1991,Andhra Pradesh,Krishna,265082
1987 - 1991,Andhra Pradesh,Kurnool,158448
1987 - 1991,Andhra Pradesh,Nellore,170886
1987 - 1991,Andhra Pradesh,Prakasam,144107
1987 - 1991,Andhra Pradesh,Srikakulam,122130
1987 - 1991,Andhra Pradesh,Visakhapatnam,256134
1987 - 1991,Andhra Pradesh,Vizianagaram,118976
1987 - 1991,Andhra Pradesh,West Godavari,268538
1987 - 1991,Arunachal Pradesh,Changlang,11376
1987 - 1991,Arunachal Pradesh,Dibang Valley,9274
1987 - 1991,Arunachal Pradesh,East Kameng,3385
1987 - 1991,Arunachal Pradesh,East Siang,8589
1987 - 1991,Arunachal Pradesh,Lohit,22272
1987 - 1991,Arunachal Pradesh,Lower Subansiri,22247
1987 - 1991,Arunachal Pradesh,Tawang,2142
1987 - 1991,Arunachal Pradesh,Tirap,7419
1987 - 1991,Arunachal Pradesh,Upper Subansiri,4775
1987 - 1991,Arunachal Pradesh,West Kameng,7456
1987 - 1991,Arunachal Pradesh,West Siang,12038
1987 - 1991,Chandigarh,Chandigarh,108539
1987 - 1991,Dadra And Nagar Haveli,Dadra And Nagar Haveli,11801
1987 - 1991,Daman And Diu,Daman,11537
1987 - 1991,Daman And Diu,Diu,1511
1987 - 1991,Goa,North Goa,66937
1987 - 1991,Goa,South Goa,49778
1987 - 1991,Haryana,Ambala,96489
1987 - 1991,Haryana,Bhiwani,40743
1987 - 1991,Haryana,Faridabad,112376
1987 - 1991,Haryana,Gurgaon,101521
1987 - 1991,Haryana,Hisar,98744
1987 - 1991,Haryana,Jind,43937
1987 - 1991,Haryana,Kaithal,33386
1987 - 1991,Haryana,Karnal,43593
1987 - 1991,Haryana,Kurukshetra,31819
1987 - 1991,Haryana,Mahendragarh,25550
1987 - 1991,Haryana,Panipat,70538
1987 - 1991,Haryana,Rewari,29093
1987 - 1991,Haryana,Rohtak,77080
1987 - 1991,Haryana,Sirsa,73780
1987 - 1991,Haryana,Sonipat,44930
1987 - 1991,Haryana,Yamunanagar,40873
1987 - 1991,Himachal Pradesh,Bilaspur,16963
1987 - 1991,Himachal Pradesh,Chamba,26768
1987 - 1991,Himachal Pradesh,Hamirpur,25199
1987 - 1991,Himachal Pradesh,Kangra,77357
1987 - 1991,Himachal Pradesh,Kinnaur,8261
1987 - 1991,Himachal Pradesh,Kullu,16775
1987 - 1991,Himachal Pradesh,Lahaul And Spiti,3390
1987 - 1991,Himachal Pradesh,Mandi,42998
1987 - 1991,Himachal Pradesh,Shimla,59130
1987 - 1991,Himachal Pradesh,Sirmaur,26443
1987 - 1991,Himachal Pradesh,Solan,42946
1987 - 1991,Himachal Pradesh,Una,24047
1987 - 1991,Madhya Pradesh,Balaghat,72982
1987 - 1991,Madhya Pradesh,Betul,61720
1987 - 1991,Madhya Pradesh,Bhind,56204
1987 - 1991,Madhya Pradesh,Bhopal,116851
1987 - 1991,Madhya Pradesh,Chhatarpur,43304
1987 - 1991,Madhya Pradesh,Chhindwara,96107
1987 - 1991,Madhya Pradesh,Damoh,48862
1987 - 1991,Madhya Pradesh,Datia,18080
1987 - 1991,Madhya Pradesh,Dewas,69894
1987 - 1991,Madhya Pradesh,Dhar,92735
1987 - 1991,Madhya Pradesh,Guna,63191
1987 - 1991,Madhya Pradesh,Gwalior,73544
1987 - 1991,Madhya Pradesh,Hoshangabad,86714
1987 - 1991,Madhya Pradesh,Indore,114187
1987 - 1991,Madhya Pradesh,Jabalpur,140954
1987 - 1991,Madhya Pradesh,Jhabua,51157
1987 - 1991,Madhya Pradesh,Khandwa,92723
1987 - 1991,Madhya Pradesh,Khargone,115269
1987 - 1991,Madhya Pradesh,Mandla,67280
1987 - 1991,Madhya Pradesh,Mandsaur,81237
1987 - 1991,Madhya Pradesh,Morena,82126
1987 - 1991,Madhya Pradesh,Narsinghpur,42996
1987 - 1991,Madhya Pradesh,Panna,28710
1987 - 1991,Madhya Pradesh,Raisen,56449
1987 - 1991,Madhya Pradesh,Rajgarh,46372
1987 - 1991,Madhya Pradesh,Ratlam,49918
1987 - 1991,Madhya Pradesh,Rewa,57172
1987 - 1991,Madhya Pradesh,Sagar,91698
1987 - 1991,Madhya Pradesh,Satna,61463
1987 - 1991,Madhya Pradesh,Sehore,40820
1987 - 1991,Madhya Pradesh,Seoni,62448
1987 - 1991,Madhya Pradesh,Shahdol,97813
1987 - 1991,Madhya Pradesh,Shajapur,52741
1987 - 1991,Madhya Pradesh,Shivpuri,42789
1987 - 1991,Madhya Pradesh,Sidhi,76541
1987 - 1991,Madhya Pradesh,Tikamgarh,37478
1987 - 1991,Madhya Pradesh,Ujjain,68331
1987 - 1991,Madhya Pradesh,Vidisha,55036
1987 - 1991,Manipur,Bishnupur,1468
1987 - 1991,Manipur,Chandel,1983
1987 - 1991,Manipur,Churachandpur,3525
1987 - 1991,Manipur,Imphal West,7328
1987 - 1991,Manipur,Senapati,1173
1987 - 1991,Manipur,Tamenglong,661
1987 - 1991,Manipur,Thoubal,867
1987 - 1991,Manipur,Ukhrul,352
1987 - 1991,Meghalaya,East Garo Hills,4479
1987 - 1991,Meghalaya,East Khasi Hills,25793
1987 - 1991,Meghalaya,West Garo Hills,16341
1987 - 1991,Meghalaya,West Jaintia Hills,6862
1987 - 1991,Meghalaya,West Khasi Hills,4308
1987 - 1991,Mizoram,Aizawl,18805
1987 - 1991,Mizoram,Lawngtlai,3449
1987 - 1991,Mizoram,Lunglei,9750
1987 - 1991,Nagaland,Kohima,20683
1987 - 1991,Nagaland,Mokokchung,3026
1987 - 1991,Nagaland,Mon,2094
1987 - 1991,Nagaland,Phek,2087
1987 - 1991,Nagaland,Tuensang,3711
1987 - 1991,Nagaland,Wokha,1880
1987 - 1991,Nagaland,Zunheboto,935
1987 - 1991,Puducherry,Karaikal,11088
1987 - 1991,Puducherry,Mahe,2277
1987 - 1991,Puducherry,Puducherry,44232
1987 - 1991,Puducherry,Yanam,2800
1987 - 1991,Uttar Pradesh,Agra,74030
1987 - 1991,Uttar Pradesh,Aligarh,89015
1987 - 1991,Uttar Pradesh,Allahabad,130213
1987 - 1991,Uttar Pradesh,Badaun,75343
1987 - 1991,Uttar Pradesh,Banda,53787
1987 - 1991,Uttar Pradesh,Barabanki,39500
1987 - 1991,Uttar Pradesh,Bareilly,98273
1987 - 1991,Uttar Pradesh,Bijnor,77450
1987 - 1991,Uttar Pradesh,Bulandshahr,52131
1987 - 1991,Uttar Pradesh,Etah,79810
1987 - 1991,Uttar Pradesh,Etawah,45090
1987 - 1991,Uttar Pradesh,Faizabad,63475
1987 - 1991,Uttar Pradesh,Farrukhabad,51822
1987 - 1991,Uttar Pradesh,Fatehpur,66313
1987 - 1991,Uttar Pradesh,Firozabad,59611
1987 - 1991,Uttar Pradesh,Ghaziabad,101965
1987 - 1991,Uttar Pradesh,Hamirpur,38486
1987 - 1991,Uttar Pradesh,Hardoi,87180
1987 - 1991,Uttar Pradesh,Jalaun,34414
1987 - 1991,Uttar Pradesh,Jhansi,66533
1987 - 1991,Uttar Pradesh,Kanpur Rural,51319
1987 - 1991,Uttar Pradesh,Kanpur Urban,79530
1987 - 1991,Uttar Pradesh,Kheri,44670
1987 - 1991,Uttar Pradesh,Lalitpur,24639
1987 - 1991,Uttar Pradesh,Lucknow,138739
1987 - 1991,Uttar Pradesh,Mainpuri,40848
1987 - 1991,Uttar Pradesh,Mathura,80605
1987 - 1991,Uttar Pradesh,Mau,36054
1987 - 1991,Uttar Pradesh,Meerut,81330
1987 - 1991,Uttar Pradesh,Moradabad,72498
1987 - 1991,Uttar Pradesh,Muzaffarnagar,106584
1987 - 1991,Uttar Pradesh,Pilibhit,42620
1987 - 1991,Uttar Pradesh,Pratapgarh,64088
1987 - 1991,Uttar Pradesh,Rae Bareli,73268
1987 - 1991,Uttar Pradesh,Rampur,42458
1987 - 1991,Uttar Pradesh,Saharanpur,76090
1987 - 1991,Uttar Pradesh,Shahjahanpur,54292
1987 - 1991,Uttar Pradesh,Sitapur,79153
1987 - 1991,Uttar Pradesh,Sultanpur,67783
1987 - 1991,Uttar Pradesh,Unnao,75045
1987 - 1991,Uttarakhand,Chamoli,22251
1987 - 1991,Uttarakhand,Dehradun,97990
1987 - 1991,Uttarakhand,Haridwar,60104
1987 - 1991,Uttarakhand,Nainital,111769
1987 - 1991,Uttarakhand,Pauri Garhwal,28700
1987 - 1991,Uttarakhand,Uttarkashi,11387
1992 - 1996,Andaman And Nicobar Islands,Andamans,27790
1992 - 1996,Andaman And Nicobar Islands,Nicobar,4538
1992 - 1996,Andhra Pradesh,Anantapur,220243
1992 - 1996,Andhra Pradesh,Chittoor,259945
1992 - 1996,Andhra Pradesh,East Godavari,398495
1992 - 1996,Andhra Pradesh,Guntur,254575
1992 - 1996,Andhra Pradesh,Kadapa,173328
1992 - 1996,Andhra Pradesh,Krishna,345552
1992 - 1996,Andhra Pradesh,Kurnool,205461
1992 - 1996,Andhra Pradesh,Nellore,225433
1992 - 1996,Andhra Pradesh,Prakasam,184077
1992 - 1996,Andhra Pradesh,Srikakulam,149301
1992 - 1996,Andhra Pradesh,Visakhapatnam,264754
1992 - 1996,Andhra Pradesh,Vizianagaram,141172
1992 - 1996,Andhra Pradesh,West Godavari,336280
1992 - 1996,Arunachal Pradesh,Changlang,17365
1992 - 1996,Arunachal Pradesh,Dibang Valley,15230
1992 - 1996,Arunachal Pradesh,East Kameng,6308
1992 - 1996,Arunachal Pradesh,East Siang,11088
1992 - 1996,Arunachal Pradesh,Lohit,28256
1992 - 1996,Arunachal Pradesh,Lower Subansiri,8722
1992 - 1996,Arunachal Pradesh,Papum Pare,26262
1992 - 1996,Arunachal Pradesh,Tawang,3979
1992 - 1996,Arunachal Pradesh,Tirap,11712
1992 - 1996,Arunachal Pradesh,Upper Siang,5478
1992 - 1996,Arunachal Pradesh,Upper Subansiri,7842
1992 - 1996,Arunachal Pradesh,West Kameng,13128
1992 - 1996,Arunachal Pradesh,West Siang,11741
1992 - 1996,Chandigarh,Chandigarh,165875
1992 - 1996,Dadra And Nagar Haveli,Dadra And Nagar Haveli,26979
1992 - 1996,Daman And Diu,Daman,19863
1992 - 1996,Daman And Diu,Diu,3586
1992 - 1996,Goa,North Goa,127539
1992 - 1996,Goa,South Goa,88989
1992 - 1996,Haryana,Ambala,116546
1992 - 1996,Haryana,Bhiwani,86023
1992 - 1996,Haryana,Faridabad,250567
1992 - 1996,Haryana,Fatehabad,55184
1992 - 1996,Haryana,Gurgaon,168778
1992 - 1996,Haryana,Hisar,130229
1992 - 1996,Haryana,Jhajjar,69378
1992 - 1996,Haryana,Jind,85120
1992 - 1996,Haryana,Kaithal,55579
1992 - 1996,Haryana,Karnal,92112
1992 - 1996,Haryana,Kurukshetra,60063
1992 - 1996,Haryana,Mahendragarh,43785
1992 - 1996,Haryana,Panchkula,104309
1992 - 1996,Haryana,Panipat,113381
1992 - 1996,Haryana,Rewari,60978
1992 - 1996,Haryana,Rohtak,77559
1992 - 1996,Haryana,Sirsa,99683
1992 - 1996,Haryana,Sonipat,84107
1992 - 1996,Haryana,Yamunanagar,59538
1992 - 1996,Himachal Pradesh,Bilaspur,16525
1992 - 1996,Himachal Pradesh,Chamba,26198
1992 - 1996,Himachal Pradesh,Hamirpur,25695
1992 - 1996,Himachal Pradesh,Kangra,108666
1992 - 1996,Himachal Pradesh,Kinnaur,12778
1992 - 1996,Himachal Pradesh,Kullu,23541
1992 - 1996,Himachal Pradesh,Lahaul And Spiti,3918
1992 - 1996,Himachal Pradesh,Mandi,50937
1992 - 1996,Himachal Pradesh,Shimla,68920
1992 - 1996,Himachal Pradesh,Sirmaur,29282
1992 - 1996,Himachal Pradesh,Solan,68653
1992 - 1996,Himachal Pradesh,Una,44269
1992 - 1996,Madhya Pradesh,Balaghat,89838
1992 - 1996,Madhya Pradesh,Barwani,67351
1992 - 1996,Madhya Pradesh,Betul,73939
1992 - 1996,Madhya Pradesh,Bhind,61848
1992 - 1996,Madhya Pradesh,Bhopal,152960
1992 - 1996,Madhya Pradesh,Chhatarpur,66495
1992 - 1996,Madhya Pradesh,Chhindwara,106769
1992 - 1996,Madhya Pradesh,Damoh,58564
1992 - 1996,Madhya Pradesh,Datia,21610
1992 - 1996,Madhya Pradesh,Dewas,85105
1992 - 1996,Madhya Pradesh,Dhar,112955
1992 - 1996,Madhya Pradesh,Dindori,22815
1992 - 1996,Madhya Pradesh,Guna,78737
1992 - 1996,Madhya Pradesh,Gwalior,109897
1992 - 1996,Madhya Pradesh,Harda,40919
1992 - 1996,Madhya Pradesh,Hoshangabad,92354
1992 - 1996,Madhya Pradesh,Indore,192365
1992 - 1996,Madhya Pradesh,Jabalpur,136718
1992 - 1996,Madhya Pradesh,Jhabua,60845
1992 - 1996,Madhya Pradesh,Katni,53969
1992 - 1996,Madhya Pradesh,Khandwa,134281
1992 - 1996,Madhya Pradesh,Khargone,140262
1992 - 1996,Madhya Pradesh,Mandla,61890
1992 - 1996,Madhya Pradesh,Mandsaur,96526
1992 - 1996,Madhya Pradesh,Morena,71959
1992 - 1996,Madhya Pradesh,Narsinghpur,61392
1992 - 1996,Madhya Pradesh,Neemuch,43487
1992 - 1996,Madhya Pradesh,Panna,33523
1992 - 1996,Madhya Pradesh,Raisen,60444
1992 - 1996,Madhya Pradesh,Rajgarh,51116
1992 - 1996,Madhya Pradesh,Ratlam,68773
1992 - 1996,Madhya Pradesh,Rewa,72305
1992 - 1996,Madhya Pradesh,Sagar,112839
1992 - 1996,Madhya Pradesh,Satna,77651
1992 - 1996,Madhya Pradesh,Sehore,52172
1992 - 1996,Madhya Pradesh,Seoni,68420
1992 - 1996,Madhya Pradesh,Shahdol,103694
1992 - 1996,Madhya Pradesh,Shajapur,75847
1992 - 1996,Madhya Pradesh,Sheopur,26755
1992 - 1996,Madhya Pradesh,Shivpuri,52978
1992 - 1996,Madhya Pradesh,Sidhi,103651
1992 - 1996,Madhya Pradesh,Tikamgarh,47194
1992 - 1996,Madhya Pradesh,Ujjain,89914
1992 - 1996,Madhya Pradesh,Umaria,32888
1992 - 1996,Madhya Pradesh,Vidisha,64318
1992 - 1996,Manipur,Bishnupur,1454
1992 - 1996,Manipur,Chandel,2811
1992 - 1996,Manipur,Churachandpur,3471
1992 - 1996,Manipur,Imphal East,6704
1992 - 1996,Manipur,Imphal West,8099
1992 - 1996,Manipur,Senapati,3091
1992 - 1996,Manipur,Tamenglong,656
1992 - 1996,Manipur,Thoubal,2539
1992 - 1996,Manipur,Ukhrul,591
1992 - 1996,Meghalaya,East Garo Hills,1073
1992 - 1996,Meghalaya,East Khasi Hills,16233
1992 - 1996,Meghalaya,Ri Bhoi,2856
1992 - 1996,Meghalaya,South Garo Hills,1383
1992 - 1996,Meghalaya,West Garo Hills,13176
1992 - 1996,Meghalaya,West Jaintia Hills,6327
1992 - 1996,Meghalaya,West Khasi Hills,3933
1992 - 1996,Mizoram,Aizawl,24214
1992 - 1996,Mizoram,Champhai,7153
1992 - 1996,Mizoram,Kolasib,5974
1992 - 1996,Mizoram,Lawngtlai,3591
1992 - 1996,Mizoram,Lunglei,12364
1992 - 1996,Mizoram,Mamit,3804
1992 - 1996,Mizoram,Saiha,1972
1992 - 1996,Mizoram,Serchhip,1883
1992 - 1996,Nagaland,Dimapur,18719
1992 - 1996,Nagaland,Kohima,21765
1992 - 1996,Nagaland,Mokokchung,2685
1992 - 1996,Nagaland,Mon,2816
1992 - 1996,Nagaland,Phek,3946
1992 - 1996,Nagaland,Tuensang,1841
1992 - 1996,Nagaland,Wokha,2959
1992 - 1996,Nagaland,Zunheboto,907
1992 - 1996,Puducherry,Karaikal,23596
1992 - 1996,Puducherry,Mahe,3295
1992 - 1996,Puducherry,Puducherry,93649
1992 - 1996,Puducherry,Yanam,4921
1992 - 1996,Uttar Pradesh,Agra,79548
1992 - 1996,Uttar Pradesh,Aligarh,84962
1992 - 1996,Uttar Pradesh,Allahabad,109769
1992 - 1996,Uttar Pradesh,Auraiyya,36468
1992 - 1996,Uttar Pradesh,Badaun,88365
1992 - 1996,Uttar Pradesh,Bagpat,36784
1992 - 1996,Uttar Pradesh,Banda,57325
1992 - 1996,Uttar Pradesh,Barabanki,63664
1992 - 1996,Uttar Pradesh,Bareilly,113950
1992 - 1996,Uttar Pradesh,Bijnor,108512
1992 - 1996,Uttar Pradesh,Bulandshahr,66599
1992 - 1996,Uttar Pradesh,Chitrakoot,25892
1992 - 1996,Uttar Pradesh,Etah,80292
1992 - 1996,Uttar Pradesh,Etawah,40935
1992 - 1996,Uttar Pradesh,Faizabad,65915
1992 - 1996,Uttar Pradesh,Farrukhabad,41502
1992 - 1996,Uttar Pradesh,Fatehpur,57597
1992 - 1996,Uttar Pradesh,Firozabad,62377
1992 - 1996,Uttar Pradesh,Gautam Buddh Nagar,149812
1992 - 1996,Uttar Pradesh,Ghaziabad,119742
1992 - 1996,Uttar Pradesh,Hamirpur,37018
1992 - 1996,Uttar Pradesh,Hardoi,102976
1992 - 1996,Uttar Pradesh,Hathras,33869
1992 - 1996,Uttar Pradesh,Jalaun,39616
1992 - 1996,Uttar Pradesh,Jhansi,65226
1992 - 1996,Uttar Pradesh,Kannauj,33262
1992 - 1996,Uttar Pradesh,Kanpur Rural,46907
1992 - 1996,Uttar Pradesh,Kanpur Urban,94640
1992 - 1996,Uttar Pradesh,Kaushambi,23185
1992 - 1996,Uttar Pradesh,Kheri,58013
1992 - 1996,Uttar Pradesh,Lalitpur,33334
1992 - 1996,Uttar Pradesh,Lucknow,171767
1992 - 1996,Uttar Pradesh,Mahoba,26840
1992 - 1996,Uttar Pradesh,Mainpuri,47651
1992 - 1996,Uttar Pradesh,Mathura,83637
1992 - 1996,Uttar Pradesh,Mau,42750
1992 - 1996,Uttar Pradesh,Meerut,101182
1992 - 1996,Uttar Pradesh,Moradabad,105607
1992 - 1996,Uttar Pradesh,Muzaffarnagar,129445
1992 - 1996,Uttar Pradesh,Pilibhit,51754
1992 - 1996,Uttar Pradesh,Pratapgarh,64343
1992 - 1996,Uttar Pradesh,Rae Bareli,75166
1992 - 1996,Uttar Pradesh,Rampur,60532
1992 - 1996,Uttar Pradesh,Saharanpur,102773
1992 - 1996,Uttar Pradesh,Shahjahanpur,77482
1992 - 1996,Uttar Pradesh,Sitapur,103821
1992 - 1996,Uttar Pradesh,Sultanpur,103005
1992 - 1996,Uttar Pradesh,Unnao,82300
1992 - 1996,Uttarakhand,Bageshwar,12819
1992 - 1996,Uttarakhand,Chamoli,40322
1992 - 1996,Uttarakhand,Dehradun,118800
1992 - 1996,Uttarakhand,Haridwar,66374
1992 - 1996,Uttarakhand,Nainital,90597
1992 - 1996,Uttarakhand,Pauri Garhwal,41960
1992 - 1996,Uttarakhand,Udham Singh Nagar,87365
1992 - 1996,Uttarakhand,Uttarkashi,21964
1997 - 2000,Andaman And Nicobar Islands,Andamans,32517
1997 - 2000,Andaman And Nicobar Islands,Nicobar,7498
1997 - 2000,Andhra Pradesh,Anantapur,236641
1997 - 2000,Andhra Pradesh,Chittoor,286762
1997 - 2000,Andhra Pradesh,East Godavari,400129
1997 - 2000,Andhra Pradesh,Guntur,310316
1997 - 2000,Andhra Pradesh,Kadapa,180068
1997 - 2000,Andhra Pradesh,Krishna,395544
1997 - 2000,Andhra Pradesh,Kurnool,191455
1997 - 2000,Andhra Pradesh,Nellore,239927
1997 - 2000,Andhra Pradesh,Prakasam,220070
1997 - 2000,Andhra Pradesh,Srikakulam,164126
1997 - 2000,Andhra Pradesh,Visakhapatnam,298522
1997 - 2000,Andhra Pradesh,Vizianagaram,153665
1997 - 2000,Andhra Pradesh,West Godavari,350784
1997 - 2000,Arunachal Pradesh,Changlang,21176
1997 - 2000,Arunachal Pradesh,Dibang Valley,18365
1997 - 2000,Arunachal Pradesh,East Kameng,6146
1997 - 2000,Arunachal Pradesh,East Siang,14022
1997 - 2000,Arunachal Pradesh,Lohit,35711
1997 - 2000,Arunachal Pradesh,Lower Subansiri,7565
1997 - 2000,Arunachal Pradesh,Papum Pare,32011
1997 - 2000,Arunachal Pradesh,Tawang,4106
1997 - 2000,Arunachal Pradesh,Tirap,15674
1997 - 2000,Arunachal Pradesh,Upper Siang,8460
1997 - 2000,Arunachal Pradesh,Upper Subansiri,9130
1997 - 2000,Arunachal Pradesh,West Kameng,19069
1997 - 2000,Arunachal Pradesh,West Siang,13354
1997 - 2000,Chandigarh,Chandigarh,192332
1997 - 2000,Dadra And Nagar Haveli,Dadra And Nagar Haveli,33712
1997 - 2000,Daman And Diu,Daman,27577
1997 - 2000,Daman And Diu,Diu,3281
1997 - 2000,Goa,North Goa,133765
1997 - 2000,Goa,South Goa,92495
1997 - 2000,Haryana,Ambala,112067
1997 - 2000,Haryana,Bhiwani,84749
1997 - 2000,Haryana,Faridabad,269459
1997 - 2000,Haryana,Fatehabad,58398
1997 - 2000,Haryana,Gurgaon,224438
1997 - 2000,Haryana,Hisar,129557
1997 - 2000,Haryana,Jhajjar,90089
1997 - 2000,Haryana,Jind,81057
1997 - 2000,Haryana,Kaithal,52586
1997 - 2000,Haryana,Karnal,91412
1997 - 2000,Haryana,Kurukshetra,55161
1997 - 2000,Haryana,Mahendragarh,40589
1997 - 2000,Haryana,Panchkula,99176
1997 - 2000,Haryana,Panipat,119929
1997 - 2000,Haryana,Rewari,63602
1997 - 2000,Haryana,Rohtak,69949
1997 - 2000,Haryana,Sirsa,89975
1997 - 2000,Haryana,Sonipat,95782
1997 - 2000,Haryana,Yamunanagar,63962
1997 - 2000,Himachal Pradesh,Bilaspur,20731
1997 - 2000,Himachal Pradesh,Chamba,32544
1997 - 2000,Himachal Pradesh,Hamirpur,31729
1997 - 2000,Himachal Pradesh,Kangra,105385
1997 - 2000,Himachal Pradesh,Kinnaur,11508
1997 - 2000,Himachal Pradesh,Kullu,27229
1997 - 2000,Himachal Pradesh,Lahaul And Spiti,3692
1997 - 2000,Himachal Pradesh,Mandi,65494
1997 - 2000,Himachal Pradesh,Shimla,73368
1997 - 2000,Himachal Pradesh,Sirmaur,44615
1997 - 2000,Himachal Pradesh,Solan,68320
1997 - 2000,Himachal Pradesh,Una,39998
1997 - 2000,Madhya Pradesh,Balaghat,91212
1997 - 2000,Madhya Pradesh,Barwani,77750
1997 - 2000,Madhya Pradesh,Betul,78080
1997 - 2000,Madhya Pradesh,Bhind,59993
1997 - 2000,Madhya Pradesh,Bhopal,159554
1997 - 2000,Madhya Pradesh,Chhatarpur,58838
1997 - 2000,Madhya Pradesh,Chhindwara,104618
1997 - 2000,Madhya Pradesh,Damoh,57231
1997 - 2000,Madhya Pradesh,Datia,20048
1997 - 2000,Madhya Pradesh,Dewas,76912
1997 - 2000,Madhya Pradesh,Dhar,108264
1997 - 2000,Madhya Pradesh,Dindori,25365
1997 - 2000,Madhya Pradesh,Guna,76555
1997 - 2000,Madhya Pradesh,Gwalior,120787
1997 - 2000,Madhya Pradesh,Harda,48070
1997 - 2000,Madhya Pradesh,Hoshangabad,85812
1997 - 2000,Madhya Pradesh,Indore,220619
1997 - 2000,Madhya Pradesh,Jabalpur,121511
1997 - 2000,Madhya Pradesh,Jhabua,65073
1997 - 2000,Madhya Pradesh,Katni,53885
1997 - 2000,Madhya Pradesh,Khandwa,134872
1997 - 2000,Madhya Pradesh,Khargone,142836
1997 - 2000,Madhya Pradesh,Mandla,61267
1997 - 2000,Madhya Pradesh,Mandsaur,83490
1997 - 2000,Madhya Pradesh,Morena,62267
1997 - 2000,Madhya Pradesh,Narsinghpur,62030
1997 - 2000,Madhya Pradesh,Neemuch,51850
1997 - 2000,Madhya Pradesh,Panna,29791
1997 - 2000,Madhya Pradesh,Raisen,61164
1997 - 2000,Madhya Pradesh,Rajgarh,50875
1997 - 2000,Madhya Pradesh,Ratlam,67021
1997 - 2000,Madhya Pradesh,Rewa,81092
1997 - 2000,Madhya Pradesh,Sagar,110369
1997 - 2000,Madhya Pradesh,Satna,97174
1997 - 2000,Madhya Pradesh,Sehore,55107
1997 - 2000,Madhya Pradesh,Seoni,71981
1997 - 2000,Madhya Pradesh,Shahdol,84534
1997 - 2000,Madhya Pradesh,Shajapur,70459
1997 - 2000,Madhya Pradesh,Sheopur,26784
1997 - 2000,Madhya Pradesh,Shivpuri,63135
1997 - 2000,Madhya Pradesh,Sidhi,116765
1997 - 2000,Madhya Pradesh,Tikamgarh,52480
1997 - 2000,Madhya Pradesh,Ujjain,115098
1997 - 2000,Madhya Pradesh,Umaria,29021
1997 - 2000,Madhya Pradesh,Vidisha,71256
1997 - 2000,Manipur,Bishnupur,1529
1997 - 2000,Manipur,Chandel,1507
1997 - 2000,Manipur,Churachandpur,3036
1997 - 2000,Manipur,Imphal East,7599
1997 - 2000,Manipur,Imphal West,10809
1997 - 2000,Manipur,Senapati,2958
1997 - 2000,Manipur,Tamenglong,680
1997 - 2000,Manipur,Thoubal,2141
1997 - 2000,Manipur,Ukhrul,650
1997 - 2000,Meghalaya,East Garo Hills,1018
1997 - 2000,Meghalaya,East Khasi Hills,23880
1997 - 2000,Meghalaya,Ri Bhoi,3551
1997 - 2000,Meghalaya,South Garo Hills,1580
1997 - 2000,Meghalaya,West Garo Hills,13263
1997 - 2000,Meghalaya,West Jaintia Hills,7368
1997 - 2000,Meghalaya,West Khasi Hills,3971
1997 - 2000,Mizoram,Aizawl,25325
1997 - 2000,Mizoram,Champhai,9125
1997 - 2000,Mizoram,Kolasib,7129
1997 - 2000,Mizoram,Lawngtlai,3690
1997 - 2000,Mizoram,Lunglei,14931
1997 - 2000,Mizoram,Mamit,5190
1997 - 2000,Mizoram,Saiha,2802
1997 - 2000,Mizoram,Serchhip,2910
1997 - 2000,Nagaland,Dimapur,19821
1997 - 2000,Nagaland,Kohima,22098
1997 - 2000,Nagaland,Mokokchung,2477
1997 - 2000,Nagaland,Mon,2698
1997 - 2000,Nagaland,Phek,4631
1997 - 2000,Nagaland,Tuensang,2061
1997 - 2000,Nagaland,Wokha,3036
1997 - 2000,Nagaland,Zunheboto,825
1997 - 2000,Puducherry,Karaikal,25580
1997 - 2000,Puducherry,Mahe,3620
1997 - 2000,Puducherry,Puducherry,105493
1997 - 2000,Puducherry,Yanam,5060
1997 - 2000,Uttar Pradesh,Agra,85716
1997 - 2000,Uttar Pradesh,Aligarh,81740
1997 - 2000,Uttar Pradesh,Allahabad,114484
1997 - 2000,Uttar Pradesh,Auraiyya,37377
1997 - 2000,Uttar Pradesh,Badaun,79842
1997 - 2000,Uttar Pradesh,Bagpat,36905
1997 - 2000,Uttar Pradesh,Banda,45584
1997 - 2000,Uttar Pradesh,Barabanki,54787
1997 - 2000,Uttar Pradesh,Bareilly,110422
1997 - 2000,Uttar Pradesh,Bijnor,89911
1997 - 2000,Uttar Pradesh,Bulandshahr,67031
1997 - 2000,Uttar Pradesh,Chitrakoot,25190
1997 - 2000,Uttar Pradesh,Etah,71493
1997 - 2000,Uttar Pradesh,Etawah,35795
1997 - 2000,Uttar Pradesh,Faizabad,49432
1997 - 2000,Uttar Pradesh,Farrukhabad,37683
1997 - 2000,Uttar Pradesh,Fatehpur,44795
1997 - 2000,Uttar Pradesh,Firozabad,56244
1997 - 2000,Uttar Pradesh,Gautam Buddh Nagar,174517
1997 - 2000,Uttar Pradesh,Ghaziabad,135637
1997 - 2000,Uttar Pradesh,Hamirpur,29935
1997 - 2000,Uttar Pradesh,Hardoi,86448
1997 - 2000,Uttar Pradesh,Hathras,34608
1997 - 2000,Uttar Pradesh,Jalaun,33279
1997 - 2000,Uttar Pradesh,Jhansi,60022
1997 - 2000,Uttar Pradesh,Kannauj,29368
1997 - 2000,Uttar Pradesh,Kanpur Rural,45896
1997 - 2000,Uttar Pradesh,Kanpur Urban,112091
1997 - 2000,Uttar Pradesh,Kaushambi,20209
1997 - 2000,Uttar Pradesh,Kheri,63558
1997 - 2000,Uttar Pradesh,Lalitpur,30232
1997 - 2000,Uttar Pradesh,Lucknow,187072
1997 - 2000,Uttar Pradesh,Mahoba,25930
1997 - 2000,Uttar Pradesh,Mainpuri,37651
1997 - 2000,Uttar Pradesh,Mathura,89820
1997 - 2000,Uttar Pradesh,Mau,32899
1997 - 2000,Uttar Pradesh,Meerut,104209
1997 - 2000,Uttar Pradesh,Moradabad,90414
1997 - 2000,Uttar Pradesh,Muzaffarnagar,102659
1997 - 2000,Uttar Pradesh,Pilibhit,46485
1997 - 2000,Uttar Pradesh,Pratapgarh,75059
1997 - 2000,Uttar Pradesh,Rae Bareli,64822
1997 - 2000,Uttar Pradesh,Rampur,53815
1997 - 2000,Uttar Pradesh,Saharanpur,108610
1997 - 2000,Uttar Pradesh,Shahjahanpur,68342
1997 - 2000,Uttar Pradesh,Sitapur,108420
1997 - 2000,Uttar Pradesh,Sultanpur,98650
1997 - 2000,Uttar Pradesh,Unnao,82481
1997 - 2000,Uttarakhand,Bageshwar,15545
1997 - 2000,Uttarakhand,Chamoli,44228
1997 - 2000,Uttarakhand,Dehradun,126362
1997 - 2000,Uttarakhand,Haridwar,79006
1997 - 2000,Uttarakhand,Nainital,83891
1997 - 2000,Uttarakhand,Pauri Garhwal,44264
1997 - 2000,Uttarakhand,Udham Singh Nagar,96277
1997 - 2000,Uttarakhand,Uttarkashi,23178
1987 - 1991,Arunachal Pradesh,Papum Pare,22247
1982 - 1986,Arunachal Pradesh,Papum Pare,13876
1977 - 1981,Arunachal Pradesh,Papum Pare,7339
1972 - 1976,Arunachal Pradesh,Papum Pare,5918
